{
  "Spades": {
    "Two": "┌─────────┐\n│2        │\n│         │\n│    ♠    │\n│         │\n│        2│\n└─────────┘",
    "Three": "┌─────────┐\n│3        │\n│         │\n│    ♠    │\n│         │\n│        3│\n└─────────┘",
    "Four": "┌─────────┐\n│4        │\n│         │\n│    ♠    │\n│         │\n│        4│\n└─────────┘",
    "Five": "┌─────────┐\n│5        │\n│         │\n│    ♠    │\n│         │\n│        5│\n└─────────┘",
    "Six": "┌─────────┐\n│6        │\n│         │\n│    ♠    │\n│         │\n│        6│\n└─────────┘",
    "Seven": "┌─────────┐\n│7        │\n│         │\n│    ♠    │\n│         │\n│        7│\n└─────────┘",
    "Eight": "┌─────────┐\n│8        │\n│         │\n│    ♠    │\n│         │\n│        8│\n└─────────┘",
    "Nine": "┌─────────┐\n│9        │\n│         │\n│    ♠    │\n│         │\n│        9│\n└─────────┘",
    "Ten": "┌─────────┐\n│10       │\n│         │\n│    ♠    │\n│         │\n│       10│\n└─────────┘",
    "Jack": "┌─────────┐\n│J        │\n│         │\n│    ♠    │\n│         │\n│        J│\n└─────────┘",
    "Queen": "┌─────────┐\n│Q        │\n│         │\n│    ♠    │\n│         │\n│        Q│\n└─────────┘",
    "King": "┌─────────┐\n│K        │\n│         │\n│    ♠    │\n│         │\n│        K│\n└─────────┘",
    "Ace": "┌─────────┐\n│A        │\n│         │\n│    ♠    │\n│         │\n│        A│\n└─────────┘"
  },
  "Hearts": {
    "Two": "┌─────────┐\n│2        │\n│         │\n│    ♥    │\n│         │\n│        2│\n└─────────┘",
    "Three": "┌─────────┐\n│3        │\n│         │\n│    ♥    │\n│         │\n│        3│\n└─────────┘",
    "Four": "┌─────────┐\n│4        │\n│         │\n│    ♥    │\n│         │\n│        4│\n└─────────┘",
    "Five": "┌─────────┐\n│5        │\n│         │\n│    ♥    │\n│         │\n│        5│\n└─────────┘",
    "Six": "┌─────────┐\n│6        │\n│         │\n│    ♥    │\n│         │\n│        6│\n└─────────┘",
    "Seven": "┌─────────┐\n│7        │\n│         │\n│    ♥    │\n│         │\n│        7│\n└─────────┘",
    "Eight": "┌─────────┐\n│8        │\n│         │\n│    ♥    │\n│         │\n│        8│\n└─────────┘",
    "Nine": "┌─────────┐\n│9        │\n│         │\n│    ♥    │\n│         │\n│        9│\n└─────────┘",
    "Ten": "┌─────────┐\n│10       │\n│         │\n│    ♥    │\n│         │\n│       10│\n└─────────┘",
    "Jack": "┌─────────┐\n│J        │\n│         │\n│    ♥    │\n│         │\n│        J│\n└─────────┘",
    "Queen": "┌─────────┐\n│Q        │\n│         │\n│    ♥    │\n│         │\n│        Q│\n└─────────┘",
    "King": "┌─────────┐\n│K        │\n│         │\n│    ♥    │\n│         │\n│        K│\n└─────────┘",
    "Ace": "┌─────────┐\n│A        │\n│         │\n│    ♥    │\n│         │\n│        A│\n└─────────┘"
  },
  "Clubs": {
    "Two": "┌─────────┐\n│2        │\n│         │\n│    ♣    │\n│         │\n│        2│\n└─────────┘",
    "Three": "┌─────────┐\n│3        │\n│         │\n│    ♣    │\n│         │\n│        3│\n└─────────┘",
    "Four": "┌─────────┐\n│4        │\n│         │\n│    ♣    │\n│         │\n│        4│\n└─────────┘",
    "Five": "┌─────────┐\n│5        │\n│         │\n│    ♣    │\n│         │\n│        5│\n└─────────┘",
    "Six": "┌─────────┐\n│6        │\n│         │\n│    ♣    │\n│         │\n│        6│\n└─────────┘",
    "Seven": "┌─────────┐\n│7        │\n│         │\n│    ♣    │\n│         │\n│        7│\n└─────────┘",
    "Eight": "┌─────────┐\n│8        │\n│         │\n│    ♣    │\n│         │\n│        8│\n└─────────┘",
    "Nine": "┌─────────┐\n│9        │\n│         │\n│    ♣    │\n│         │\n│        9│\n└─────────┘",
    "Ten": "┌─────────┐\n│10       │\n│         │\n│    ♣    │\n│         │\n│       10│\n└─────────┘",
    "Jack": "┌─────────┐\n│J        │\n│         │\n│    ♣    │\n│         │\n│        J│\n└─────────┘",
    "Queen": "┌─────────┐\n│Q        │\n│         │\n│    ♣    │\n│         │\n│        Q│\n└─────────┘",
    "King": "┌─────────┐\n│K        │\n│         │\n│    ♣    │\n│         │\n│        K│\n└─────────┘",
    "Ace": "┌─────────┐\n│A        │\n│         │\n│    ♣    │\n│         │\n│        A│\n└─────────┘"
  },
  "Diamonds": {
    "Two": "┌─────────┐\n│2        │\n│         │\n│    ♦    │\n│         │\n│        2│\n└─────────┘",
    "Three": "┌─────────┐\n│3        │\n│         │\n│    ♦    │\n│         │\n│        3│\n└─────────┘",
    "Four": "┌─────────┐\n│4        │\n│         │\n│    ♦    │\n│         │\n│        4│\n└─────────┘",
    "Five": "┌─────────┐\n│5        │\n│         │\n│    ♦    │\n│         │\n│        5│\n└─────────┘",
    "Six": "┌─────────┐\n│6        │\n│         │\n│    ♦    │\n│         │\n│        6│\n└─────────┘",
    "Seven": "┌─────────┐\n│7        │\n│         │\n│    ♦    │\n│         │\n│        7│\n└─────────┘",
    "Eight": "┌─────────┐\n│8        │\n│         │\n│    ♦    │\n│         │\n│        8│\n└─────────┘",
    "Nine": "┌─────────┐\n│9        │\n│         │\n│    ♦    │\n│         │\n│        9│\n└─────────┘",
    "Ten": "┌─────────┐\n│10       │\n│         │\n│    ♦    │\n│         │\n│       10│\n└─────────┘",
    "Jack": "┌─────────┐\n│J        │\n│         │\n│    ♦    │\n│         │\n│        J│\n└─────────┘",
    "Queen": "┌─────────┐\n│Q        │\n│         │\n│    ♦    │\n│         │\n│        Q│\n└─────────┘",
    "King": "┌─────────┐\n│K        │\n│         │\n│    ♦    │\n│         │\n│        K│\n└─────────┘",
    "Ace": "┌─────────┐\n│A        │\n│         │\n│    ♦    │\n│         │\n│        A│\n└─────────┘"
  },
  "Flipped": "┌─────────┐\n│░░░░░░░░░│\n│░░░░░░░░░│\n│░░░░░░░░░│\n│░░░░░░░░░│\n│░░░░░░░░░│\n└─────────┘"
}